날짜,업종분류,성별,연령대,요일,매출금액,매출건수
20250301,가전제품,M,5,6,816618,2
20250301,가전제품,M,4,6,29189,4
20250301,가전제품,M,7,6,3198248,2
20250301,가전제품,F,5,6,2526559,4
20250301,가전제품,M,5,6,13008,2
20250301,가전제품,M,3,6,4034,2
20250301,가전제품,M,6,6,6949,2
20250301,가전제품,F,5,6,9979,2
20250301,가전제품,F,8,6,10716,2
20250301,가전제품,M,9,6,13899,4
20250301,가전제품,M,3,6,5702,2
20250301,가전제품,M,4,6,7662,2
20250301,가전제품,F,6,6,4376,2
20250301,가전제품,F,5,6,6593,2
20250301,가전제품,F,3,6,10691,2
20250301,가전제품,F,6,6,11404,2
20250301,가전제품,M,6,6,3564,2
20250301,가전제품,M,4,6,106914,2
20250301,가전제품,M,6,6,71276,2
20250301,가전제품,F,5,6,58721,2
20250301,가전제품,F,6,6,41875,2
20250301,가전제품,M,5,6,156807,4
20250301,가전제품,M,6,6,122880,4
20250301,가전제품,M,7,6,35638,2
20250301,가전제품,M,6,6,101784,4
20250301,가전제품,M,8,6,213828,2
20250301,가전제품,F,4,6,72537,2
20250301,가전제품,F,5,6,85531,2
20250301,가전제품,M,3,6,34747,2
20250301,가전제품,M,6,6,48111,2
20250301,가전제품,M,8,6,106914,2
20250301,가전제품,M,5,6,96222,2
20250301,가전제품,M,6,6,48111,2
20250301,가전제품,M,7,6,96222,2
20250301,가전제품,F,6,6,85531,2
20250301,가전제품,M,8,6,71276,2
20250301,가전제품,F,8,6,53457,2
20250301,가전제품,M,6,6,3423913,2
20250302,가전제품,F,5,7,4164,2
20250302,가전제품,M,6,7,3564,2
20250302,가전제품,M,5,7,8731,2
20250302,가전제품,M,4,7,7484,2
20250302,가전제품,M,6,7,7128,2
20250302,가전제품,F,7,7,4098,2
20250302,가전제품,M,9,7,15324,5
20250302,가전제품,M,4,7,9088,2
20250302,가전제품,M,4,7,135716,2
20250302,가전제품,M,6,7,144334,2
20250302,가전제품,M,5,7,37420,4
20250302,가전제품,M,6,7,71276,4
20250302,가전제품,M,3,7,51675,4
20250302,가전제품,M,5,7,25837,2
20250302,가전제품,M,6,7,126515,7
20250302,가전제품,M,7,7,17819,2
20250302,가전제품,M,6,7,76622,4
20250302,가전제품,F,6,7,37420,2
20250302,가전제품,M,3,7,30292,2
20250302,가전제품,M,4,7,67742,2
20250302,가전제품,M,5,7,74840,2
20250302,가전제품,M,6,7,149679,4
20250302,가전제품,M,7,7,74840,2
20250302,가전제품,F,5,7,44904,2
20250302,가전제품,M,5,7,52259,2
20250302,가전제품,F,4,7,96222,2
20250302,가전제품,M,7,7,42766,2
20250302,가전제품,M,4,7,233428,2
20250303,가전제품,M,5,1,3698877,7
20250303,가전제품,F,6,1,1782575,4
20250303,가전제품,M,6,1,3564,2
20250303,가전제품,M,4,1,3564,2
20250303,가전제품,M,6,1,7128,2
20250303,가전제품,F,6,1,9622,2
20250303,가전제품,F,5,1,4455,2
20250303,가전제품,M,3,1,9622,2
20250303,가전제품,M,6,1,3564,2
20250303,가전제품,M,5,1,210264,4
20250303,가전제품,M,5,1,212208,7
20250303,가전제품,M,6,1,71276,2
20250303,가전제품,F,5,1,100499,4
20250303,가전제품,F,6,1,21516,2
20250303,가전제품,M,4,1,73058,2
20250303,가전제품,M,5,1,181753,5
20250303,가전제품,M,6,1,215609,7
20250303,가전제품,M,7,1,19294,2
20250303,가전제품,F,4,1,64148,2
20250303,가전제품,F,6,1,60584,2
20250303,가전제품,M,4,1,49893,2
20250303,가전제품,M,5,1,36807,2
20250303,가전제품,M,7,1,89808,2
20250303,가전제품,F,5,1,64148,2
20250303,가전제품,M,5,1,126960,5
20250303,가전제품,F,4,1,144334,4
20250303,가전제품,F,5,1,96222,2
20250303,가전제품,M,4,1,96222,2
20250303,가전제품,M,5,1,96222,2
20250303,가전제품,M,6,1,144334,4
20250303,가전제품,M,4,1,96222,2
20250303,가전제품,M,7,1,73788,2
20250303,가전제품,M,6,1,8909,2
20250303,가전제품,F,6,1,26728,2
20250303,가전제품,F,6,1,8909,2
20250303,가전제품,M,5,1,6367753,4
20250304,가전제품,M,4,2,674745,4
20250304,가전제품,M,4,2,14255,2
20250304,가전제품,F,6,2,591589,2
20250304,가전제품,M,6,2,8731,4
20250304,가전제품,F,4,2,11404,4
20250304,가전제품,F,5,2,8010,4
20250304,가전제품,M,5,2,6771,2
20250304,가전제품,F,5,2,12944,4
20250304,가전제품,F,7,2,11761,2
20250304,가전제품,F,7,2,11404,2
20250304,가전제품,F,7,2,4455,2
20250304,가전제품,M,7,2,8713,4
20250304,가전제품,M,6,2,3564,2
20250304,가전제품,M,4,2,40770,4
20250304,가전제품,M,6,2,9800,2
20250304,가전제품,F,3,2,22274,4
20250304,가전제품,F,4,2,183906,11
20250304,가전제품,F,5,2,42056,2
20250304,가전제품,F,6,2,22258,2
20250304,가전제품,M,3,2,43656,2
20250304,가전제품,M,4,2,76140,4
20250304,가전제품,M,5,2,1782,2
20250304,가전제품,M,6,2,155396,5
20250304,가전제품,F,4,2,77156,5
20250304,가전제품,F,5,2,19797,2
20250304,가전제품,F,7,2,48984,5
20250304,가전제품,M,4,2,201809,4
20250304,가전제품,M,5,2,235674,2
20250304,가전제품,M,6,2,101230,7
20250304,가전제품,M,7,2,42706967,4
20250304,가전제품,M,8,2,19601,2
20250304,가전제품,M,4,2,40984,2
20250304,가전제품,M,5,2,124733,4
20250304,가전제품,F,3,2,3742,2
20250304,가전제품,F,4,2,31183,2
20250304,가전제품,F,5,2,170527,4
20250304,가전제품,M,5,2,71276,4
20250304,가전제품,M,6,2,89095,2
20250304,가전제품,F,3,2,61475,2
20250304,가전제품,F,4,2,40984,2
20250304,가전제품,M,4,2,42766,2
20250304,가전제품,M,5,2,109587,5
20250304,가전제품,M,6,2,206700,5
20250304,가전제품,M,6,2,96222,4
20250304,가전제품,M,4,2,96222,2
20250304,가전제품,M,8,2,8909,2
20250304,가전제품,M,6,2,106914,2
20250304,가전제품,F,9,2,980043,2
20250304,가전제품,F,6,2,26728,2
20250304,가전제품,M,8,2,35638,2
20250304,가전제품,F,6,2,811866,2
20250304,가전제품,M,5,2,178190,2
20250304,가전제품,M,7,2,479330,2
20250304,가전제품,M,5,2,812545,2
20250304,가전제품,M,6,2,1260369,2
20250305,가전제품,M,5,3,11917,2
20250305,가전제품,M,5,3,12651,2
20250305,가전제품,M,4,3,3509,2
20250305,가전제품,M,6,3,3806,2
20250305,가전제품,F,4,3,8981,2
20250305,가전제품,M,6,3,4455,2
20250305,가전제품,F,4,3,5702,2
20250305,가전제품,M,4,3,3799,2
20250305,가전제품,F,4,3,22345,2
20250305,가전제품,F,7,3,19779,2
20250305,가전제품,M,7,3,6540,2
20250305,가전제품,F,3,3,106201,5
20250305,가전제품,F,4,3,94293,7
20250305,가전제품,F,5,3,128475,9
20250305,가전제품,F,6,3,172716,11
20250305,가전제품,F,7,3,24947,2
20250305,가전제품,F,8,3,10691,2
20250305,가전제품,M,3,3,167368,7
20250305,가전제품,M,4,3,468713,16
20250305,가전제품,M,5,3,123111,5
20250305,가전제품,M,7,3,32074,2
20250305,가전제품,F,3,3,72327,4
20250305,가전제품,F,4,3,69303,9
20250305,가전제품,F,6,3,21383,4
20250305,가전제품,M,4,3,10691,2
20250305,가전제품,M,5,3,10691,2
20250305,가전제품,M,6,3,10691,2
20250305,가전제품,F,3,3,10691,2
20250305,가전제품,F,4,3,188881,9
20250305,가전제품,F,5,3,21383,4
20250305,가전제품,M,4,3,58803,2
20250305,가전제품,M,5,3,217992,9
20250305,가전제품,M,7,3,10691,2
20250305,가전제품,F,4,3,269132,14
20250305,가전제품,F,5,3,90663,7
20250305,가전제품,F,6,3,74964,5
20250305,가전제품,F,7,3,10691,2
20250305,가전제품,M,3,3,51919,7
20250305,가전제품,M,4,3,22452,4
20250305,가전제품,M,5,3,73058,5
20250305,가전제품,M,6,3,113150,5
20250305,가전제품,F,3,3,10691,2
20250305,가전제품,F,4,3,31646,5
20250305,가전제품,F,5,3,10691,2
20250305,가전제품,F,6,3,21556,4
20250305,가전제품,M,4,3,48111,2
20250305,가전제품,M,5,3,253029,7
20250305,가전제품,M,6,3,117160,5
20250305,가전제품,M,7,3,10691,2
20250305,가전제품,M,6,3,96222,2
20250305,가전제품,M,5,3,30292,2
20250305,가전제품,M,5,3,56682,2
20250305,가전제품,F,6,3,1007195,4
20250305,가전제품,M,6,3,623664,2
20250305,가전제품,F,6,3,44547,2
20250305,가전제품,F,8,3,12473,2
20250305,가전제품,F,7,3,228083,2
20250305,가전제품,M,5,3,1903956,2
20250305,가전제품,M,6,3,3567356,2
20250305,가전제품,M,7,3,299359,2
20250305,가전제품,M,5,3,935497,2
20250305,가전제품,M,8,3,980043,2
20250305,가전제품,M,7,3,1721490,2
20250306,가전제품,F,5,4,92659,2
20250306,가전제품,M,4,4,639786,2
20250306,가전제품,F,5,4,4455,2
20250306,가전제품,M,6,4,4677,2
20250306,가전제품,F,4,4,3564,2
20250306,가전제품,F,6,4,3564,2
20250306,가전제품,F,7,4,5167,2
20250306,가전제품,M,3,4,25773,7
20250306,가전제품,F,5,4,10556,2
20250306,가전제품,F,7,4,8731,4
20250306,가전제품,M,4,4,4811,2
20250306,가전제품,M,9,4,12295,4
20250306,가전제품,F,3,4,4098,2
20250306,가전제품,M,6,4,3564,2
20250306,가전제품,F,3,4,4455,2
20250306,가전제품,M,6,4,4455,2
20250306,가전제품,M,6,4,4277,2
20250306,가전제품,F,3,4,64148,7
20250306,가전제품,F,5,4,27700,4
20250306,가전제품,F,6,4,10691,2
20250306,가전제품,M,5,4,108696,4
20250306,가전제품,M,6,4,10691,2
20250306,가전제품,F,3,4,111352,9
20250306,가전제품,F,4,4,163934,7
20250306,가전제품,F,5,4,99439,4
20250306,가전제품,F,6,4,19084,2
20250306,가전제품,M,3,4,70770,9
20250306,가전제품,M,4,4,67725,7
20250306,가전제품,M,5,4,67552,5
20250306,가전제품,M,6,4,95609,5
20250306,가전제품,M,7,4,35638,4
20250306,가전제품,F,4,4,69590,9
20250306,가전제품,F,5,4,19355,2
20250306,가전제품,F,6,4,10478,2
20250306,가전제품,M,4,4,56801,5
20250306,가전제품,M,5,4,17819,2
20250306,가전제품,M,6,4,46000,5
20250306,가전제품,F,4,4,74840,9
20250306,가전제품,F,5,4,25773,4
20250306,가전제품,M,3,4,10864,2
20250306,가전제품,M,5,4,10691,2
20250306,가전제품,M,6,4,673557,2
20250306,가전제품,M,7,4,10691,2
20250306,가전제품,F,3,4,39202,5
20250306,가전제품,F,4,4,74840,12
20250306,가전제품,F,5,4,10691,2
20250306,가전제품,F,6,4,10050,2
20250306,가전제품,F,7,4,10691,2
20250306,가전제품,M,3,4,23165,2
20250306,가전제품,M,4,4,45469,5
20250306,가전제품,M,5,4,82888,7
20250306,가전제품,M,4,4,42766,2
20250306,가전제품,M,5,4,156520,7
20250306,가전제품,M,6,4,273378,7
20250306,가전제품,M,8,4,77858,2
20250306,가전제품,M,6,4,48111,2
20250306,가전제품,M,8,4,712758,2
20250306,가전제품,M,6,4,137206,2
20250306,가전제품,F,6,4,8909,2
20250307,가전제품,F,6,5,26814,4
20250307,가전제품,F,4,5,4098,2
20250307,가전제품,F,4,5,9088,4
20250307,가전제품,F,5,5,3386,2
20250307,가전제품,F,5,5,3564,2
20250307,가전제품,F,5,5,4098,2
20250307,가전제품,F,4,5,4633,2
20250307,가전제품,M,3,5,3386,2
20250307,가전제품,M,6,5,9266,2
20250307,가전제품,F,5,5,13186,2
20250307,가전제품,F,7,5,3564,2
20250307,가전제품,F,6,5,9088,2
20250307,가전제품,F,4,5,86017,5
20250307,가전제품,F,5,5,28510,4
20250307,가전제품,F,6,5,11226,2
20250307,가전제품,M,3,5,18710,2
20250307,가전제품,M,5,5,19027,2
20250307,가전제품,F,3,5,42192,5
20250307,가전제품,F,4,5,120417,9
20250307,가전제품,F,5,5,110478,4
20250307,가전제품,F,6,5,64435,4
20250307,가전제품,M,3,5,179285,12
20250307,가전제품,M,4,5,195372,11
20250307,가전제품,M,5,5,126515,5
20250307,가전제품,M,6,5,78849,7
20250307,가전제품,M,7,5,61582,2
20250307,가전제품,F,3,5,17819,2
20250307,가전제품,F,4,5,121356,9
20250307,가전제품,F,5,5,17819,2
20250307,가전제품,F,6,5,34034,4
20250307,가전제품,F,7,5,17819,2
20250307,가전제품,M,4,5,91055,4
20250307,가전제품,M,5,5,65902,4
20250307,가전제품,M,6,5,28181,4
20250307,가전제품,M,7,5,35638,2
20250307,가전제품,F,3,5,53457,5
20250307,가전제품,F,4,5,90547,11
20250307,가전제품,F,5,5,19601,4
20250307,가전제품,F,6,5,17819,2
20250307,가전제품,F,7,5,10691,2
20250307,가전제품,M,3,5,71276,7
20250307,가전제품,M,4,5,62366,5
20250307,가전제품,M,6,5,17819,2
20250307,가전제품,M,7,5,17641,2
20250307,가전제품,F,3,5,10691,2
20250307,가전제품,F,4,5,63186,11
20250307,가전제품,F,5,5,10691,2
20250307,가전제품,M,3,5,10691,2
20250307,가전제품,M,4,5,41117,4
20250307,가전제품,M,5,5,10691,2
20250307,가전제품,M,6,5,131853,7
20250307,가전제품,F,5,5,42766,2
20250307,가전제품,M,4,5,48111,2
20250307,가전제품,M,5,5,257550,5
20250307,가전제품,M,6,5,96222,4
20250307,가전제품,F,2,5,17270,2
20250307,가전제품,F,9,5,312855,2
20250307,가전제품,M,7,5,135424,2
20250307,가전제품,M,5,5,158589,2
20250307,가전제품,M,5,5,625531,2
20250308,가전제품,M,4,6,35638,2
20250308,가전제품,M,3,6,135086,2
20250308,가전제품,M,6,6,2333435,4
20250308,가전제품,F,3,6,1655296,4
20250308,가전제품,M,4,6,4098,2
20250308,가전제품,M,6,6,3564,2
20250308,가전제품,F,6,6,4455,2
20250308,가전제품,M,3,6,5167,2
20250308,가전제품,M,4,6,8197,2
20250308,가전제품,F,5,6,4455,2
20250308,가전제품,F,7,6,6949,2
20250308,가전제품,M,4,6,9444,2
20250308,가전제품,F,3,6,5167,2
20250308,가전제품,F,7,6,4455,2
20250308,가전제품,M,3,6,3681,2
20250308,가전제품,M,7,6,4277,2
20250308,가전제품,M,3,6,10048,4
20250308,가전제품,F,3,6,53457,5
20250308,가전제품,F,4,6,32609,5
20250308,가전제품,F,5,6,28510,4
20250308,가전제품,M,3,6,17819,2
20250308,가전제품,M,4,6,18106,2
20250308,가전제품,M,5,6,35638,2
20250308,가전제품,M,6,6,8909,2
20250308,가전제품,M,7,6,71276,2
20250308,가전제품,F,3,6,197790,14
20250308,가전제품,F,4,6,55952,5
20250308,가전제품,F,5,6,63257,9
20250308,가전제품,F,6,6,17819,2
20250308,가전제품,M,3,6,17819,2
20250308,가전제품,M,4,6,26194,4
20250308,가전제품,M,5,6,98127,4
20250308,가전제품,M,6,6,70207,5
20250308,가전제품,M,7,6,16755,2
20250308,가전제품,F,3,6,183022,18
20250308,가전제품,F,4,6,274066,25
20250308,가전제품,F,5,6,145225,7
20250308,가전제품,F,6,6,144059,7
20250308,가전제품,F,7,6,35638,4
20250308,가전제품,M,3,6,52393,5
20250308,가전제품,M,4,6,155112,11
20250308,가전제품,M,5,6,88170,14
20250308,가전제품,M,6,6,63257,2
20250308,가전제품,M,7,6,54032,5
20250308,가전제품,F,3,6,144334,14
20250308,가전제품,F,4,6,99786,11
20250308,가전제품,F,5,6,65438,7
20250308,가전제품,F,6,6,39629,5
20250308,가전제품,M,3,6,53457,5
20250308,가전제품,M,4,6,17106,2
20250308,가전제품,M,5,6,128573,14
20250308,가전제품,M,6,6,60584,4
20250308,가전제품,F,4,6,126153,18
20250308,가전제품,F,5,6,10691,2
20250308,가전제품,M,3,6,28861,4
20250308,가전제품,M,4,6,43117,7
20250308,가전제품,M,5,6,198325,12
20250308,가전제품,M,6,6,96222,5
20250308,가전제품,M,7,6,192445,2
20250308,가전제품,M,5,6,49893,2
20250308,가전제품,M,6,6,48111,2
20250308,가전제품,M,5,6,96222,4
20250308,가전제품,F,5,6,16928,2
20250308,가전제품,M,7,6,8909,2
20250308,가전제품,M,4,6,6539558,5
20250308,가전제품,M,8,6,47518,4
20250308,가전제품,M,3,6,1835353,2
20250309,가전제품,M,5,7,1678377,4
20250309,가전제품,F,4,7,1671928,4
20250309,가전제품,M,6,7,3564,2
20250309,가전제품,M,6,7,11226,2
20250309,가전제품,F,5,7,5167,2
20250309,가전제품,F,5,7,8981,4
20250309,가전제품,M,3,7,5527,2
20250309,가전제품,M,4,7,4098,2
20250309,가전제품,F,7,7,4455,2
20250309,가전제품,M,3,7,4989,2
20250309,가전제품,M,6,7,6058,2
20250309,가전제품,M,4,7,35638,2
20250309,가전제품,M,5,7,71276,4
20250309,가전제품,F,3,7,17819,2
20250309,가전제품,F,4,7,21734,4
20250309,가전제품,F,5,7,175962,18
20250309,가전제품,F,6,7,34018,4
20250309,가전제품,M,4,7,61987,4
20250309,가전제품,M,5,7,53457,4
20250309,가전제품,M,6,7,73614,2
20250309,가전제품,F,2,7,28264,4
20250309,가전제품,F,3,7,142274,12
20250309,가전제품,F,4,7,70465,7
20250309,가전제품,F,5,7,145829,12
20250309,가전제품,F,6,7,26728,4
20250309,가전제품,M,3,7,53457,5
20250309,가전제품,M,4,7,26728,4
20250309,가전제품,M,5,7,233428,25
20250309,가전제품,M,6,7,183535,11
20250309,가전제품,M,7,7,71276,4
20250309,가전제품,F,3,7,108696,11
20250309,가전제품,F,4,7,120677,12
20250309,가전제품,F,5,7,80274,7
20250309,가전제품,F,6,7,88539,9
20250309,가전제품,F,7,7,17819,2
20250309,가전제품,F,8,7,17819,2
20250309,가전제품,M,3,7,71276,7
20250309,가전제품,M,4,7,145225,14
20250309,가전제품,M,5,7,272719,25
20250309,가전제품,M,6,7,99540,7
20250309,가전제품,M,7,7,46329,4
20250309,가전제품,F,3,7,53457,5
20250309,가전제품,F,4,7,93088,12
20250309,가전제품,F,5,7,8909,2
20250309,가전제품,F,6,7,187188,11
20250309,가전제품,F,7,7,19027,2
20250309,가전제품,F,8,7,192445,2
20250309,가전제품,M,3,7,116750,11
20250309,가전제품,M,4,7,127227,12
20250309,가전제품,M,5,7,153243,18
20250309,가전제품,M,7,7,299359,4
20250309,가전제품,M,8,7,210264,7
20250309,가전제품,F,3,7,10691,2
20250309,가전제품,F,4,7,75374,12
20250309,가전제품,F,5,7,53457,9
20250309,가전제품,F,6,7,32502,5
20250309,가전제품,M,3,7,10691,2
20250309,가전제품,M,4,7,32995,5
20250309,가전제품,M,5,7,31744,5
20250309,가전제품,M,6,7,201354,5
20250309,가전제품,M,7,7,10691,2
20250309,가전제품,M,7,7,277976,2
20250309,가전제품,M,5,7,119387,2
20250309,가전제품,F,5,7,2388988,2
20250310,가전제품,F,7,1,1345756,2
20250310,가전제품,M,5,1,14594,2
20250310,가전제품,F,4,1,9800,2
20250310,가전제품,M,6,1,4455,2
20250310,가전제품,F,5,1,4989,2
20250310,가전제품,F,6,1,4455,2
20250310,가전제품,F,5,1,8909,2
20250310,가전제품,F,4,1,5167,2
20250310,가전제품,M,5,1,8909,2
20250310,가전제품,F,5,1,5702,2
20250310,가전제품,F,6,1,4098,2
20250310,가전제품,F,7,1,9291,4
20250310,가전제품,F,7,1,5346,2
20250310,가전제품,F,3,1,128134,9
20250310,가전제품,F,4,1,145173,11
20250310,가전제품,M,3,1,91983,7
20250310,가전제품,M,4,1,91388,7
20250310,가전제품,M,5,1,142944,5
20250310,가전제품,M,6,1,21516,2
20250310,가전제품,M,7,1,890948,2
20250310,가전제품,F,6,1,21383,2
20250310,가전제품,M,5,1,43514,2
20250310,가전제품,F,3,1,45438,4
20250310,가전제품,F,4,1,87313,4
20250310,가전제품,F,5,1,18888,2
20250310,가전제품,M,6,1,30292,2
20250310,가전제품,M,9,1,50784,2
20250310,가전제품,M,3,1,40984,2
20250310,가전제품,M,4,1,1613019,2
20250310,가전제품,M,5,1,90877,4
20250310,가전제품,M,6,1,96222,4
20250310,가전제품,M,7,1,106023,2
20250310,가전제품,M,5,1,80185,2
20250310,가전제품,M,6,1,192445,2
20250310,가전제품,M,7,1,48111,2
20250310,가전제품,F,8,1,10691,2
20250310,가전제품,F,7,1,55210,2
20250310,가전제품,M,8,1,35638,2
20250310,가전제품,M,4,1,152352,2
20250311,가전제품,M,5,2,3615,2
20250311,가전제품,F,7,2,4455,2
20250311,가전제품,M,6,2,8731,4
20250311,가전제품,M,7,2,10691,4
20250311,가전제품,F,4,2,7662,2
20250311,가전제품,M,7,2,3742,2
20250311,가전제품,F,3,2,4098,2
20250311,가전제품,F,6,2,11974,2
20250311,가전제품,M,3,2,6593,2
20250311,가전제품,F,5,2,7840,2
20250311,가전제품,M,4,2,5702,2
20250311,가전제품,F,3,2,45046,4
20250311,가전제품,F,4,2,255948,25
20250311,가전제품,F,5,2,160353,11
20250311,가전제품,F,8,2,19922,2
20250311,가전제품,M,3,2,23521,2
20250311,가전제품,M,4,2,66411,5
20250311,가전제품,M,5,2,31183,4
20250311,가전제품,M,6,2,157698,4
20250311,가전제품,F,3,2,24234,2
20250311,가전제품,F,4,2,50695,5
20250311,가전제품,F,5,2,24590,2
20250311,가전제품,F,7,2,12473,2
20250311,가전제품,M,4,2,96720,7
20250311,가전제품,M,5,2,20492,2
20250311,가전제품,F,4,2,1782,2
20250311,가전제품,M,4,2,1782,2
20250311,가전제품,M,5,2,1969155,4
20250311,가전제품,M,6,2,119326,5
20250311,가전제품,F,4,2,72163,9
20250311,가전제품,F,5,2,40093,2
20250311,가전제품,F,6,2,20492,2
20250311,가전제품,M,3,2,19601,2
20250311,가전제품,M,4,2,131540,12
20250311,가전제품,M,5,2,213026,4
20250311,가전제품,M,6,2,143908,7
20250311,가전제품,M,7,2,147505,5
20250311,가전제품,F,4,2,43051,5
20250311,가전제품,F,5,2,16607,4
20250311,가전제품,M,4,2,59943,5
20250311,가전제품,M,5,2,230684,11
20250311,가전제품,M,6,2,105756,5
20250311,가전제품,M,7,2,17641,2
20250311,가전제품,M,4,2,243368,4
20250311,가전제품,F,8,2,39202,2
20250311,가전제품,F,7,2,9677,2
20250311,가전제품,F,9,2,231646,2
20250311,가전제품,M,4,2,3207413,2
20250311,가전제품,M,5,2,3100499,2
20250312,가전제품,F,6,3,932696,2
20250312,가전제품,M,7,3,191766,2
20250312,가전제품,F,5,3,4455,2
20250312,가전제품,M,4,3,4098,2
20250312,가전제품,F,4,3,10870,2
20250312,가전제품,F,5,3,4455,2
20250312,가전제품,M,5,3,3564,2
20250312,가전제품,F,6,3,4455,2
20250312,가전제품,M,4,3,4098,2
20250312,가전제품,F,5,3,4277,2
20250312,가전제품,M,4,3,3920,2
20250312,가전제품,M,3,3,4989,2
20250312,가전제품,M,5,3,101123,2
20250312,가전제품,F,3,3,22274,4
20250312,가전제품,F,4,3,346048,23
20250312,가전제품,F,5,3,52103,5
20250312,가전제품,F,6,3,16037,2
20250312,가전제품,F,7,3,16928,2
20250312,가전제품,M,3,3,137206,9
20250312,가전제품,M,4,3,104241,9
20250312,가전제품,M,5,3,104553,11
20250312,가전제품,M,6,3,114255,7
20250312,가전제품,M,7,3,37420,2
20250312,가전제품,F,4,3,18282,2
20250312,가전제품,F,5,3,64772,4
20250312,가전제품,F,6,3,106914,2
20250312,가전제품,F,7,3,54116,2
20250312,가전제품,M,5,3,222575,5
20250312,가전제품,F,4,3,17142,2
20250312,가전제품,F,4,3,77646,2
20250312,가전제품,F,5,3,48111,2
20250312,가전제품,F,6,3,24195,2
20250312,가전제품,F,7,3,13222,2
20250312,가전제품,M,3,3,20492,2
20250312,가전제품,M,4,3,21383,2
20250312,가전제품,M,5,3,24056,2
20250312,가전제품,M,6,3,50232,4
20250312,가전제품,F,3,3,53457,2
20250312,가전제품,M,5,3,138236,5
20250312,가전제품,M,6,3,239173,7
20250312,가전제품,M,6,3,62366,2
20250312,가전제품,F,6,3,17819,2
20250312,가전제품,M,7,3,441262,4
20250313,가전제품,F,4,4,12897,2
20250313,가전제품,F,6,4,296983,4
20250313,가전제품,M,7,4,13238,2
20250313,가전제품,F,4,4,13576,2
20250313,가전제품,M,6,4,418831,2
20250313,가전제품,M,5,4,370634,2
20250313,가전제품,M,6,4,14594,2
20250313,가전제품,F,5,4,109629,2
20250313,가전제품,F,5,4,4455,2
20250313,가전제품,M,5,4,4098,2
20250313,가전제품,M,6,4,8909,2
20250313,가전제품,F,5,4,8197,2
20250313,가전제품,F,6,4,5702,2
20250313,가전제품,M,6,4,3564,2
20250313,가전제품,M,6,4,7306,2
20250313,가전제품,F,3,4,123129,9
20250313,가전제품,F,4,4,173578,11
20250313,가전제품,F,5,4,102637,5
20250313,가전제품,F,6,4,15681,2
20250313,가전제품,M,3,4,30827,2
20250313,가전제품,M,4,4,166055,11
20250313,가전제품,M,5,4,591768,9
20250313,가전제품,M,7,4,78097,4
20250313,가전제품,F,5,4,21516,2
20250313,가전제품,F,6,4,32716,2
20250313,가전제품,F,8,4,4579,2
20250313,가전제품,M,4,4,81146,4
20250313,가전제품,M,5,4,79294,5
20250313,가전제품,M,6,4,143692,4
20250313,가전제품,F,4,4,18532,2
20250313,가전제품,F,5,4,40093,2
20250313,가전제품,F,3,4,24947,2
20250313,가전제품,F,4,4,12473,2
20250313,가전제품,M,3,4,20492,2
20250313,가전제품,M,4,4,40984,2
20250313,가전제품,M,5,4,159480,7
20250313,가전제품,M,6,4,20492,2
20250313,가전제품,F,4,4,38649,2
20250313,가전제품,F,5,4,25258,2
20250313,가전제품,M,5,4,224189,5
20250313,가전제품,M,6,4,192445,7
20250313,가전제품,M,6,4,138988,2
20250313,가전제품,M,5,4,48111,2
20250313,가전제품,M,5,4,581746,4
20250313,가전제품,F,4,4,195545,2
20250313,가전제품,M,4,4,211689,2
20250313,가전제품,M,6,4,21026,2
20250313,가전제품,M,5,4,498931,2
20250313,가전제품,F,7,4,17819,2
20250313,가전제품,F,6,4,17819,2
20250314,가전제품,M,4,5,13576,2
20250314,가전제품,F,3,5,67543,4
20250314,가전제품,F,5,5,13917,2
20250314,가전제품,M,4,5,1002953,2
20250314,가전제품,F,4,5,11048,4
20250314,가전제품,F,5,5,4455,2
20250314,가전제품,F,8,5,8165,2
20250314,가전제품,M,5,5,3564,2
20250314,가전제품,F,4,5,5167,2
20250314,가전제품,F,6,5,7840,2
20250314,가전제품,F,8,5,6194,2
20250314,가전제품,M,6,5,17641,2
20250314,가전제품,F,4,5,10870,4
20250314,가전제품,F,7,5,7484,2
20250314,가전제품,F,8,5,9672,2
20250314,가전제품,M,4,5,3920,2
20250314,가전제품,F,2,5,4989,2
20250314,가전제품,F,6,5,4989,2
20250314,가전제품,M,5,5,13845,2
20250314,가전제품,M,6,5,4455,2
20250314,가전제품,M,6,5,8553,2
20250314,가전제품,M,4,5,736491,4
20250314,가전제품,F,6,5,30025,2
20250314,가전제품,M,4,5,66714,4
20250314,가전제품,F,3,5,40984,4
20250314,가전제품,F,4,5,205029,14
20250314,가전제품,F,6,5,41875,4
20250314,가전제품,M,3,5,65934,7
20250314,가전제품,M,4,5,208756,12
20250314,가전제품,M,5,5,24947,4
20250314,가전제품,M,6,5,92944,5
20250314,가전제품,M,7,5,99786,4
20250314,가전제품,F,4,5,16073,2
20250314,가전제품,F,5,5,31718,2
20250314,가전제품,M,4,5,76622,5
20250314,가전제품,M,5,5,57128,4
20250314,가전제품,M,6,5,2494654,2
20250314,가전제품,M,7,5,8731,2
20250314,가전제품,F,4,5,24412,4
20250314,가전제품,M,4,5,6805,4
20250314,가전제품,F,4,5,12651,4
20250314,가전제품,F,5,5,86119,5
20250314,가전제품,M,3,5,47220,2
20250314,가전제품,M,4,5,8909,2
20250314,가전제품,M,5,5,90478,2
20250314,가전제품,M,7,5,133642,2
20250314,가전제품,F,5,5,16839,2
20250314,가전제품,M,4,5,58250,4
20250314,가전제품,M,5,5,275873,7
20250314,가전제품,F,5,5,96222,2
20250314,가전제품,M,4,5,101568,2
20250314,가전제품,M,7,5,338560,2
20250314,가전제품,F,5,5,35638,2
20250314,가전제품,F,6,5,338560,2
20250314,가전제품,M,8,5,12473,2
20250314,가전제품,M,6,5,936429,2
20250314,가전제품,M,9,5,35638,4
20250315,가전제품,F,4,6,322099,4
20250315,가전제품,M,4,6,13576,2
20250315,가전제품,M,6,6,7243,2
20250315,가전제품,M,5,6,3920,2
20250315,가전제품,M,6,6,6949,2
20250315,가전제품,F,3,6,18710,2
20250315,가전제품,M,6,6,5167,2
20250315,가전제품,M,9,6,10335,2
20250315,가전제품,F,5,6,8182,4
20250315,가전제품,M,5,6,8553,2
20250315,가전제품,F,6,6,22630,4
20250315,가전제품,F,6,6,17463,2
20250315,가전제품,M,8,6,27053,2
20250315,가전제품,F,6,6,14612,2
20250315,가전제품,M,4,6,4277,2
20250315,가전제품,M,5,6,142552,2
20250315,가전제품,F,4,6,57823,2
20250315,가전제품,F,6,6,69275,4
20250315,가전제품,M,4,6,82163,2
20250315,가전제품,M,5,6,40984,2
20250315,가전제품,M,6,6,81479,2
20250315,가전제품,F,6,6,35638,2
20250315,가전제품,F,9,6,118496,2
20250315,가전제품,M,6,6,85531,2
20250315,가전제품,M,4,6,51675,2
20250315,가전제품,M,5,6,182660,4
20250315,가전제품,M,6,6,71276,2
20250315,가전제품,F,6,6,85531,2
20250315,가전제품,M,6,6,85531,2
20250315,가전제품,M,7,6,48111,2
20250315,가전제품,F,4,6,12473,2
20250315,가전제품,M,5,6,48111,2
20250315,가전제품,M,7,6,85531,2
20250315,가전제품,F,7,6,1247327,2
20250315,가전제품,F,7,6,106914,2
20250315,가전제품,M,6,6,18329,4
20250315,가전제품,F,4,6,3741981,2
20250315,가전제품,M,3,6,3440212,2
20250315,가전제품,M,5,6,406272,4
20250315,가전제품,M,5,6,14611547,2
20250316,가전제품,M,6,7,3564,2
20250316,가전제품,F,5,7,4455,2
20250316,가전제품,M,3,7,5027,2
20250316,가전제품,F,4,7,6415,2
20250316,가전제품,M,5,7,9622,2
20250316,가전제품,F,6,7,4989,2
20250316,가전제품,F,5,7,4455,2
20250316,가전제품,M,4,7,3386,2
20250316,가전제품,M,5,7,18710,2
20250316,가전제품,M,5,7,4277,2
20250316,가전제품,M,6,7,4455,2
20250316,가전제품,F,4,7,3920,2
20250316,가전제품,F,5,7,6237,4
20250316,가전제품,F,6,7,6237,4
20250316,가전제품,M,5,7,73058,4
20250316,가전제품,M,6,7,35638,2
20250316,가전제품,M,5,7,114220,4
20250316,가전제품,M,6,7,155492,5
20250316,가전제품,M,7,7,60584,4
20250316,가전제품,M,5,7,85531,4
20250316,가전제품,M,7,7,126556,4
20250316,가전제품,F,5,7,28510,2
20250316,가전제품,M,5,7,96222,2
20250316,가전제품,M,6,7,45239,2
20250316,가전제품,M,7,7,73058,2
20250316,가전제품,M,5,7,97799,4
20250316,가전제품,M,8,7,171062,2
20250316,가전제품,M,7,7,85531,2
20250317,가전제품,F,3,1,65845,4
20250317,가전제품,F,6,1,1328785,4
20250317,가전제품,M,5,1,12897,2
20250317,가전제품,M,5,1,1588772,4
20250317,가전제품,M,8,1,149679,2
20250317,가전제품,M,7,1,3564,2
20250317,가전제품,F,3,1,5702,2
20250317,가전제품,F,6,1,4455,2
20250317,가전제품,M,4,1,3564,2
20250317,가전제품,F,3,1,5702,2
20250317,가전제품,F,4,1,7662,2
20250317,가전제품,F,6,1,7840,2
20250317,가전제품,M,3,1,8197,2
20250317,가전제품,M,4,1,3564,2
20250317,가전제품,F,7,1,16215,4
20250317,가전제품,M,5,1,5346,2
20250317,가전제품,M,8,1,3742,2
20250317,가전제품,F,7,1,3386,2
20250317,가전제품,M,3,1,3386,2
20250317,가전제품,F,3,1,4455,2
20250317,가전제품,F,6,1,5426,2
20250317,가전제품,F,6,1,3496,2
20250317,가전제품,F,3,1,59694,2
20250317,가전제품,F,4,1,84319,7
20250317,가전제품,F,5,1,45082,4
20250317,가전제품,M,3,1,109710,4
20250317,가전제품,M,4,1,359360,9
20250317,가전제품,M,6,1,42582,2
20250317,가전제품,M,7,1,99786,4
20250317,가전제품,F,4,1,27477,2
20250317,가전제품,M,5,1,27619,2
20250317,가전제품,M,7,1,32074,2
20250317,가전제품,M,5,1,37420,2
20250317,가전제품,F,3,1,28510,2
20250317,가전제품,F,4,1,91342,9
20250317,가전제품,F,6,1,18621,2
20250317,가전제품,M,3,1,10691,2
20250317,가전제품,M,4,1,40984,4
20250317,가전제품,M,5,1,39202,4
20250317,가전제품,M,6,1,77851,2
20250317,가전제품,F,5,1,93906,2
20250317,가전제품,M,4,1,32074,2
20250317,가전제품,M,5,1,326087,7
20250317,가전제품,M,6,1,242108,7
20250317,가전제품,M,6,1,96222,2
20250317,가전제품,F,8,1,445474,2
20250317,가전제품,M,5,1,106914,2
20250317,가전제품,M,5,1,905319,2
20250317,가전제품,M,5,1,1657163,2
20250317,가전제품,M,7,1,2280827,2
20250318,가전제품,F,5,2,4455,2
20250318,가전제품,F,5,2,8909,2
20250318,가전제품,F,8,2,7840,4
20250318,가전제품,F,6,2,7243,2
20250318,가전제품,F,4,2,4098,2
20250318,가전제품,F,7,2,4455,2
20250318,가전제품,M,3,2,3386,2
20250318,가전제품,M,6,2,15681,2
20250318,가전제품,F,7,2,34925,2
20250318,가전제품,M,5,2,4989,2
20250318,가전제품,M,6,2,21026,5
20250318,가전제품,F,7,2,6194,2
20250318,가전제품,M,7,2,96222,2
20250318,가전제품,F,3,2,146673,11
20250318,가전제품,F,4,2,203603,14
20250318,가전제품,F,5,2,20492,2
20250318,가전제품,F,7,2,104711,5
20250318,가전제품,M,3,2,52566,4
20250318,가전제품,M,4,2,376550,21
20250318,가전제품,M,5,2,23165,4
20250318,가전제품,M,6,2,122060,5
20250318,가전제품,M,7,2,32074,2
20250318,가전제품,F,4,2,25962,2
20250318,가전제품,F,5,2,18443,2
20250318,가전제품,F,6,2,467195,4
20250318,가전제품,M,6,2,190663,2
20250318,가전제품,F,6,2,23740,2
20250318,가전제품,M,5,2,96222,2
20250318,가전제품,M,8,2,49002,2
20250318,가전제품,F,4,2,88471,5
20250318,가전제품,M,4,2,188097,12
20250318,가전제품,M,5,2,20492,2
20250318,가전제품,M,6,2,32074,2
20250318,가전제품,F,4,2,24768,2
20250318,가전제품,M,5,2,471311,4
20250318,가전제품,M,6,2,48111,2
20250318,가전제품,M,8,2,46630,2
20250318,가전제품,M,5,2,48111,2
20250318,가전제품,F,8,2,267284,2
20250318,가전제품,F,8,2,178190,2
20250318,가전제품,F,7,2,133642,2
20250318,가전제품,M,5,2,2933713,2
20250318,가전제품,M,5,2,712758,2
20250318,가전제품,M,5,2,947969,2
20250318,가전제품,M,5,2,2837669,2
20250319,가전제품,F,7,3,68560,2
20250319,가전제품,M,3,3,13917,2
20250319,가전제품,M,6,3,13238,2
20250319,가전제품,F,4,3,1959068,4
20250319,가전제품,M,4,3,3564,2
20250319,가전제품,F,6,3,4455,2
20250319,가전제품,F,5,3,3564,2
20250319,가전제품,F,5,3,34453,2
20250319,가전제품,F,6,3,4989,2
20250319,가전제품,F,7,3,7484,2
20250319,가전제품,M,6,3,4455,2
20250319,가전제품,M,6,3,3564,2
20250319,가전제품,M,5,3,81290,2
20250319,가전제품,M,6,3,81237,4
20250319,가전제품,F,3,3,87160,7
20250319,가전제품,F,4,3,53760,4
20250319,가전제품,F,5,3,12473,2
20250319,가전제품,M,3,3,24947,2
20250319,가전제품,M,4,3,279875,11
20250319,가전제품,M,5,3,154437,7
20250319,가전제품,M,6,3,196258,4
20250319,가전제품,M,5,3,47915,4
20250319,가전제품,F,5,3,22986,2
20250319,가전제품,M,5,3,3695463,4
20250319,가전제품,F,4,3,190422,11
20250319,가전제품,F,6,3,56987,4
20250319,가전제품,M,4,3,89095,5
20250319,가전제품,M,6,3,32074,2
20250319,가전제품,F,4,3,14255,2
20250319,가전제품,F,5,3,63542,2
20250319,가전제품,F,6,3,29847,4
20250319,가전제품,M,5,3,244065,9
20250319,가전제품,M,6,3,46329,4
20250319,가전제품,M,6,3,144334,2
20250319,가전제품,M,5,3,17819,2
20250319,가전제품,F,7,3,302922,2
20250319,가전제품,M,3,3,73722,2
20250319,가전제품,M,5,3,638719,2
20250319,가전제품,M,5,3,6240200,2
20250319,가전제품,F,4,3,35460,2
20250319,가전제품,M,6,3,6771,2
20250320,가전제품,F,4,4,25456,4
20250320,가전제품,F,7,4,13917,2
20250320,가전제품,F,4,4,97749,5
20250320,가전제품,M,5,4,673047,2
20250320,가전제품,M,3,4,851577,2
20250320,가전제품,F,5,4,4455,2
20250320,가전제품,F,7,4,3386,2
20250320,가전제품,M,4,4,3564,2
20250320,가전제품,M,7,4,3564,2
20250320,가전제품,F,7,4,4277,2
20250320,가전제품,M,5,4,5346,2
20250320,가전제품,F,3,4,18999,2
20250320,가전제품,F,5,4,13942,2
20250320,가전제품,F,6,4,61743,5
20250320,가전제품,F,7,4,38904,4
20250320,가전제품,M,4,4,55406,4
20250320,가전제품,M,5,4,31819,4
20250320,가전제품,M,6,4,82375,5
20250320,가전제품,M,7,4,7821,2
20250320,가전제품,F,3,4,75731,7
20250320,가전제품,F,4,4,102096,9
20250320,가전제품,F,5,4,39250,4
20250320,가전제품,F,6,4,72263,4
20250320,가전제품,M,3,4,63995,7
20250320,가전제품,M,4,4,223767,12
20250320,가전제품,M,5,4,198569,11
20250320,가전제품,M,6,4,100677,4
20250320,가전제품,M,7,4,32074,2
20250320,가전제품,F,3,4,89665,9
20250320,가전제품,F,4,4,788721,66
20250320,가전제품,F,5,4,2415217,164
20250320,가전제품,F,6,4,9057947,207
20250320,가전제품,F,7,4,14254490,119
20250320,가전제품,F,8,4,39220,4
20250320,가전제품,M,3,4,459159,21
20250320,가전제품,M,4,4,2250374,125
20250320,가전제품,M,5,4,14924572,369
20250320,가전제품,M,6,4,10219048,278
20250320,가전제품,M,7,4,12186172,169
20250320,가전제품,M,8,4,864986,23
20250320,가전제품,M,9,4,1960,2
20250320,가전제품,F,4,4,73681,4
20250320,가전제품,F,6,4,87188,2
20250320,가전제품,M,4,4,25837,2
20250320,가전제품,M,5,4,89273,4
20250320,가전제품,F,4,4,53920,5
20250320,가전제품,F,5,4,43104,5
20250320,가전제품,M,3,4,26728,2
20250320,가전제품,M,4,4,187954,7
20250320,가전제품,M,5,4,22274,2
20250320,가전제품,M,6,4,121837,4
20250320,가전제품,M,3,4,4455,2
20250320,가전제품,M,4,4,198681,4
20250320,가전제품,M,5,4,48111,2
20250320,가전제품,M,6,4,278883,7
20250320,가전제품,M,4,4,48111,2
20250320,가전제품,M,7,4,62366,2
20250320,가전제품,M,5,4,32074,2
20250320,가전제품,F,7,4,34925,2
20250320,가전제품,F,5,4,514882,2
20250320,가전제품,M,4,4,31540,2
20250321,가전제품,M,6,5,13917,2
20250321,가전제품,M,5,5,15273,2
20250321,가전제품,F,5,5,6771,2
20250321,가전제품,M,5,5,17106,2
20250321,가전제품,F,3,5,4098,2
20250321,가전제품,F,5,5,4455,2
20250321,가전제품,F,7,5,7128,2
20250321,가전제품,F,7,5,7484,2
20250321,가전제품,M,5,5,9622,2
20250321,가전제품,M,6,5,3564,2
20250321,가전제품,F,3,5,40093,4
20250321,가전제품,F,4,5,200759,11
20250321,가전제품,F,5,5,120278,5
20250321,가전제품,F,6,5,45617,5
20250321,가전제품,M,3,5,25837,2
20250321,가전제품,M,4,5,190984,9
20250321,가전제품,M,5,5,44378,5
20250321,가전제품,M,6,5,38133,4
20250321,가전제품,M,7,5,99786,2
20250321,가전제품,F,4,5,59052,5
20250321,가전제품,F,5,5,38418,2
20250321,가전제품,F,6,5,23824,2
20250321,가전제품,M,4,5,25339,2
20250321,가전제품,M,7,5,40984,2
20250321,가전제품,F,4,5,172398,9
20250321,가전제품,F,6,5,33143,2
20250321,가전제품,M,4,5,63161,4
20250321,가전제품,M,5,5,96222,4
20250321,가전제품,M,8,5,9569,2
20250321,가전제품,F,3,5,23165,2
20250321,가전제품,F,4,5,128120,7
20250321,가전제품,M,3,5,28510,2
20250321,가전제품,M,4,5,253633,7
20250321,가전제품,M,5,5,65574,2
20250321,가전제품,M,6,5,90478,2
20250321,가전제품,F,5,5,97808,4
20250321,가전제품,F,7,5,41875,2
20250321,가전제품,M,4,5,168264,7
20250321,가전제품,M,5,5,243712,7
20250321,가전제품,M,6,5,109123,4
20250321,가전제품,M,6,5,160647,2
20250321,가전제품,F,6,5,18888,2
20250321,가전제품,M,5,5,196009,2
20250321,가전제품,F,5,5,2940128,2
20250321,가전제품,M,5,5,697612,4
20250321,가전제품,F,7,5,1413977,2
20250321,가전제품,M,5,5,684248,2
20250321,가전제품,F,4,5,2289736,2
20250321,가전제품,F,4,5,739041,2
20250322,가전제품,M,5,6,883141,2
20250322,가전제품,F,6,6,852256,2
20250322,가전제품,M,6,6,1470998,2
20250322,가전제품,M,3,6,7840,2
20250322,가전제품,F,5,6,3678,2
20250322,가전제품,M,4,6,4098,2
20250322,가전제품,M,4,6,4098,2
20250322,가전제품,M,5,6,14077,2
20250322,가전제품,F,7,6,4098,2
20250322,가전제품,M,7,6,10335,2
20250322,가전제품,F,6,6,3972,2
20250322,가전제품,F,5,6,4567,2
20250322,가전제품,F,4,6,8019,2
20250322,가전제품,F,5,6,19601,2
20250322,가전제품,F,6,6,43564,4
20250322,가전제품,M,3,6,23165,2
20250322,가전제품,M,5,6,138133,4
20250322,가전제품,M,6,6,296224,4
20250322,가전제품,M,7,6,105244,2
20250322,가전제품,F,4,6,152299,9
20250322,가전제품,F,6,6,55239,2
20250322,가전제품,M,4,6,36511,4
20250322,가전제품,M,6,6,84640,2
20250322,가전제품,M,9,6,65039,2
20250322,가전제품,F,4,6,20759,2
20250322,가전제품,F,5,6,105132,2
20250322,가전제품,M,6,6,112259,5
20250322,가전제품,F,3,6,213828,2
20250322,가전제품,F,5,6,89095,4
20250322,가전제품,M,6,6,111725,4
20250322,가전제품,M,7,6,39202,2
20250322,가전제품,F,6,6,83749,2
20250322,가전제품,M,5,6,91850,2
20250322,가전제품,M,6,6,124733,4
20250322,가전제품,M,5,6,48111,2
20250322,가전제품,F,7,6,1069138,2
20250322,가전제품,F,8,6,16928,2
20250322,가전제품,M,5,6,4989309,2
20250322,가전제품,M,6,6,176671,2
20250322,가전제품,F,6,6,1603706,2
20250322,가전제품,M,6,6,459729,2
20250323,가전제품,F,3,7,590232,2
20250323,가전제품,M,6,7,7840,4
20250323,가전제품,F,4,7,8197,2
20250323,가전제품,M,5,7,4989,2
20250323,가전제품,F,5,7,4601,2
20250323,가전제품,F,6,7,7662,2
20250323,가전제품,M,3,7,11588,2
20250323,가전제품,F,6,7,7306,2
20250323,가전제품,F,3,7,5702,2
20250323,가전제품,M,6,7,35638,2
20250323,가전제품,F,3,7,58803,2
20250323,가전제품,F,5,7,39202,2
20250323,가전제품,M,5,7,62366,2
20250323,가전제품,M,8,7,35082,2
20250323,가전제품,M,6,7,19601,2
20250323,가전제품,M,7,7,181753,2
20250323,가전제품,F,6,7,114041,4
20250323,가전제품,M,6,7,96222,2
20250323,가전제품,F,5,7,78724,4
20250323,가전제품,M,5,7,102746,2
20250323,가전제품,M,5,7,7381949,4
20250324,가전제품,M,5,1,2707464,4
20250324,가전제품,M,5,1,32922,2
20250324,가전제품,F,5,1,3564,2
20250324,가전제품,F,6,1,4455,2
20250324,가전제품,M,4,1,4098,2
20250324,가전제품,F,6,1,4455,2
20250324,가전제품,F,3,1,5702,2
20250324,가전제품,F,5,1,11035,2
20250324,가전제품,M,6,1,3564,2
20250324,가전제품,F,7,1,7840,2
20250324,가전제품,F,3,1,4455,2
20250324,가전제품,M,3,1,4277,2
20250324,가전제품,F,4,1,7840,2
20250324,가전제품,F,3,1,5167,2
20250324,가전제품,M,5,1,124198,2
20250324,가전제품,F,3,1,362976,12
20250324,가전제품,F,4,1,204918,7
20250324,가전제품,F,5,1,49893,2
20250324,가전제품,M,4,1,190235,7
20250324,가전제품,M,5,1,90877,2
20250324,가전제품,M,6,1,588026,5
20250324,가전제품,M,7,1,115823,2
20250324,가전제품,F,4,1,12865,2
20250324,가전제품,F,5,1,4205,2
20250324,가전제품,M,5,1,93550,5
20250324,가전제품,F,4,1,5357484,4
20250324,가전제품,M,4,1,49216,2
20250324,가전제품,F,5,1,24448,2
20250324,가전제품,M,3,1,891,2
20250324,가전제품,M,4,1,35718,2
20250324,가전제품,M,5,1,37063,2
20250324,가전제품,M,4,1,12295,2
20250324,가전제품,M,5,1,135780,5
20250324,가전제품,M,6,1,96222,4
20250324,가전제품,M,5,1,72167,2
20250324,가전제품,F,4,1,25659,2
20250324,가전제품,F,5,1,356379,2
20250324,가전제품,F,8,1,231646,4
20250324,가전제품,M,5,1,4299359,5
20250324,가전제품,M,6,1,513186,2
20250324,가전제품,M,7,1,101568,2
20250324,가전제품,M,4,1,4018354,2
20250324,가전제품,M,7,1,875675,2
20250324,가전제품,M,6,1,541942,2
20250325,가전제품,F,7,2,17819,2
20250325,가전제품,F,4,2,1332520,4
20250325,가전제품,F,7,2,5091,2
20250325,가전제품,M,7,2,3564,2
20250325,가전제품,M,4,2,4098,2
20250325,가전제품,M,3,2,10335,2
20250325,가전제품,F,5,2,5702,2
20250325,가전제품,F,6,2,4989,2
20250325,가전제품,F,7,2,39914,2
20250325,가전제품,F,6,2,4277,2
20250325,가전제품,M,3,2,5346,2
20250325,가전제품,M,6,2,3564,2
20250325,가전제품,M,6,2,16215,2
20250325,가전제품,F,4,2,104241,7
20250325,가전제품,F,5,2,16928,2
20250325,가전제품,F,6,2,83749,2
20250325,가전제품,F,7,2,20323,2
20250325,가전제품,F,8,2,54669,2
20250325,가전제품,M,3,2,141172,11
20250325,가전제품,M,4,2,131718,9
20250325,가전제품,M,5,2,112397,4
20250325,가전제품,M,6,2,75731,4
20250325,가전제품,F,4,2,21490,2
20250325,가전제품,F,5,2,60584,2
20250325,가전제품,F,6,2,96222,2
20250325,가전제품,F,7,2,64148,2
20250325,가전제품,F,8,2,71686,4
20250325,가전제품,M,4,2,64148,2
20250325,가전제품,M,5,2,32074,2
20250325,가전제품,M,7,2,32074,2
20250325,가전제품,F,5,2,36155,4
20250325,가전제품,F,3,2,85531,5
20250325,가전제품,F,4,2,89398,5
20250325,가전제품,F,6,2,55916,2
20250325,가전제품,M,3,2,19601,2
20250325,가전제품,M,4,2,52388,2
20250325,가전제품,M,5,2,7751,2
20250325,가전제품,F,4,2,80025,2
20250325,가전제품,F,5,2,48111,2
20250325,가전제품,M,4,2,62651,4
20250325,가전제품,M,5,2,65039,4
20250325,가전제품,M,6,2,48111,2
20250325,가전제품,F,7,2,1781896,2
20250325,가전제품,F,7,2,582145,2
20250325,가전제품,M,5,2,1545688,4
20250325,가전제품,M,6,2,4473806,2
20250325,가전제품,M,7,2,167498,2
20250325,가전제품,M,4,2,2266572,2
20250325,가전제품,M,5,2,2583749,4
20250325,가전제품,F,6,2,162687,4
20250325,가전제품,M,5,2,1995723,2
20250325,가전제품,M,4,2,1704847,2
20250325,가전제품,M,6,2,213828,2
20250325,가전제품,M,7,2,4454740,2
20250326,가전제품,F,6,3,13917,2
20250326,가전제품,M,4,3,946272,2
20250326,가전제품,F,7,3,634016,2
20250326,가전제품,M,5,3,616705,2
20250326,가전제품,F,5,3,4455,2
20250326,가전제품,M,5,3,3564,2
20250326,가전제품,F,6,3,8909,4
20250326,가전제품,M,4,3,3860,2
20250326,가전제품,F,6,3,8607,2
20250326,가전제품,M,4,3,4098,2
20250326,가전제품,M,6,3,2673,2
20250326,가전제품,F,6,3,13899,4
20250326,가전제품,F,7,3,3920,2
20250326,가전제품,F,7,3,3386,2
20250326,가전제품,M,6,3,13542,2
20250326,가전제품,M,7,3,10157,4
20250326,가전제품,M,5,3,14077,4
20250326,가전제품,F,3,3,92106,7
20250326,가전제품,F,4,3,317962,14
20250326,가전제품,F,5,3,60023,5
20250326,가전제품,F,6,3,25349,2
20250326,가전제품,M,3,3,60584,2
20250326,가전제품,M,4,3,253899,11
20250326,가전제품,M,5,3,64148,7
20250326,가전제품,M,6,3,37420,4
20250326,가전제품,M,7,3,26996,2
20250326,가전제품,F,4,3,103261,7
20250326,가전제품,F,5,3,67213,5
20250326,가전제품,M,4,3,86903,4
20250326,가전제품,M,5,3,203457,5
20250326,가전제품,M,6,3,14355,2
20250326,가전제품,F,4,3,1309562,5
20250326,가전제품,F,5,3,17605,4
20250326,가전제품,F,7,3,19369,2
20250326,가전제품,M,4,3,140271,4
20250326,가전제품,M,5,3,18496,2
20250326,가전제품,F,3,3,22274,2
20250326,가전제품,F,4,3,157395,11
20250326,가전제품,F,5,3,61832,4
20250326,가전제품,F,6,3,61561,2
20250326,가전제품,M,3,3,20492,2
20250326,가전제품,M,4,3,81322,7
20250326,가전제품,M,5,3,100285,4
20250326,가전제품,M,6,3,85738,5
20250326,가전제품,F,3,3,19601,2
20250326,가전제품,F,4,3,12295,2
20250326,가전제품,F,6,3,93193,4
20250326,가전제품,M,3,3,57912,4
20250326,가전제품,M,4,3,49145,4
20250326,가전제품,M,5,3,164535,9
20250326,가전제품,M,6,3,1121908,12
20250326,가전제품,M,5,3,162153,2
20250326,가전제품,M,4,3,880257,2
20250326,가전제품,M,5,3,434553,2
20250326,가전제품,M,6,3,431575,2
20250326,가전제품,F,6,3,890948,2
20250326,가전제품,M,5,3,1913756,4
20250326,가전제품,M,6,3,2931221,5
20250326,가전제품,M,7,3,5345688,2
20250326,가전제품,M,5,3,8411974,5
20250326,가전제품,M,7,3,178190,2
20250326,가전제품,M,7,3,1742536,2
20250326,가전제품,M,4,3,2852496,2
20250327,가전제품,M,6,4,28510,4
20250327,가전제품,F,8,4,12473,2
20250327,가전제품,F,5,4,15681,2
20250327,가전제품,F,7,4,7128,2
20250327,가전제품,M,4,4,3564,2
20250327,가전제품,M,3,4,3920,2
20250327,가전제품,F,5,4,4490,2
20250327,가전제품,M,6,4,14255,4
20250327,가전제품,F,4,4,4455,2
20250327,가전제품,M,4,4,3742,2
20250327,가전제품,F,4,4,660549,2
20250327,가전제품,F,4,4,106914,2
20250327,가전제품,F,3,4,63257,5
20250327,가전제품,F,4,4,132304,5
20250327,가전제품,F,5,4,51497,4
20250327,가전제품,F,7,4,17482,2
20250327,가전제품,M,3,4,157698,7
20250327,가전제품,M,4,4,195118,11
20250327,가전제품,M,5,4,3564,2
20250327,가전제품,M,6,4,43656,2
20250327,가전제품,F,4,4,94993,5
20250327,가전제품,F,5,4,1344868,5
20250327,가전제품,M,4,4,32074,2
20250327,가전제품,F,4,4,57944,5
20250327,가전제품,F,5,4,63008,4
20250327,가전제품,M,5,4,147541,4
20250327,가전제품,M,6,4,96124,4
20250327,가전제품,F,3,4,20492,2
20250327,가전제품,F,5,4,28653,2
20250327,가전제품,F,6,4,13899,2
20250327,가전제품,M,3,4,24501,2
20250327,가전제품,M,4,4,112195,7
20250327,가전제품,M,5,4,49180,2
20250327,가전제품,M,7,4,23165,2
20250327,가전제품,M,8,4,23165,2
20250327,가전제품,F,3,4,22274,2
20250327,가전제품,F,4,4,162651,7
20250327,가전제품,M,4,4,80880,5
20250327,가전제품,M,5,4,126515,4
20250327,가전제품,M,6,4,179971,4
20250327,가전제품,F,6,4,42766,2
20250327,가전제품,M,5,4,96222,2
20250327,가전제품,F,9,4,266379,2
20250327,가전제품,M,7,4,71276,2
20250327,가전제품,F,7,4,17819,2
20250327,가전제품,F,9,4,320741,2
20250327,가전제품,M,4,4,525659,2
20250327,가전제품,F,7,4,1210119,2
20250327,가전제품,M,5,4,2369922,2
20250327,가전제품,M,6,4,767106,2
20250327,가전제품,M,5,4,684248,2
20250327,가전제품,M,6,4,1329294,2
20250327,가전제품,F,5,4,397363,2
20250327,가전제품,M,6,4,3620813,2
20250328,가전제품,F,6,5,709025,2
20250328,가전제품,F,5,5,4455,2
20250328,가전제품,M,5,5,3564,2
20250328,가전제품,F,4,5,4098,2
20250328,가전제품,F,4,5,17101,4
20250328,가전제품,F,5,5,3564,2
20250328,가전제품,F,6,5,7484,2
20250328,가전제품,F,7,5,19779,5
20250328,가전제품,M,6,5,3564,2
20250328,가전제품,F,7,5,5167,2
20250328,가전제품,F,4,5,4098,2
20250328,가전제품,M,7,5,7372,2
20250328,가전제품,M,4,5,32074,2
20250328,가전제품,M,6,5,297006,2
20250328,가전제품,F,3,5,79285,9
20250328,가전제품,F,4,5,22274,2
20250328,가전제품,F,5,5,18710,2
20250328,가전제품,M,3,5,122951,5
20250328,가전제품,M,4,5,205560,11
20250328,가전제품,M,5,5,169815,5
20250328,가전제품,M,6,5,62438,4
20250328,가전제품,F,4,5,41875,2
20250328,가전제품,F,5,5,19601,2
20250328,가전제품,M,4,5,245513,5
20250328,가전제품,M,5,5,62849,4
20250328,가전제품,M,6,5,86565,5
20250328,가전제품,M,7,5,278617,5
20250328,가전제품,F,5,5,24396,4
20250328,가전제품,M,4,5,99964,4
20250328,가전제품,F,4,5,139833,9
20250328,가전제품,F,7,5,43478,2
20250328,가전제품,M,4,5,278468,7
20250328,가전제품,M,6,5,3074,2
20250328,가전제품,F,4,5,90877,2
20250328,가전제품,M,4,5,28118,2
20250328,가전제품,M,5,5,189816,5
20250328,가전제품,M,6,5,96222,2
20250328,가전제품,F,7,5,890948,2
20250328,가전제품,F,7,5,534569,2
20250328,가전제품,M,3,5,58803,2
20250328,가전제품,M,5,5,674448,2
20250328,가전제품,M,5,5,10164476,11
20250328,가전제품,M,7,5,507840,2
20250328,가전제품,F,4,5,703510,2
20250328,가전제품,M,4,5,2419815,2
20250328,가전제품,M,5,5,962224,2
20250328,가전제품,M,6,5,356379,2
20250328,가전제품,F,5,5,5591589,2
20250329,가전제품,M,4,6,434783,2
20250329,가전제품,F,3,6,735499,2
20250329,가전제품,M,6,6,273564,4
20250329,가전제품,M,4,6,171741,4
20250329,가전제품,M,3,6,5087,2
20250329,가전제품,F,5,6,4455,2
20250329,가전제품,M,6,6,3564,2
20250329,가전제품,F,6,6,4455,2
20250329,가전제품,M,5,6,30665,4
20250329,가전제품,F,3,6,8197,2
20250329,가전제품,F,4,6,7306,2
20250329,가전제품,M,3,6,3232,2
20250329,가전제품,F,7,6,11761,2
20250329,가전제품,M,3,6,14129,2
20250329,가전제품,M,6,6,11404,5
20250329,가전제품,F,4,6,14433,5
20250329,가전제품,F,6,6,8731,2
20250329,가전제품,M,6,6,35638,2
20250329,가전제품,F,5,6,67021,2
20250329,가전제품,F,4,6,44547,2
20250329,가전제품,F,6,6,20492,2
20250329,가전제품,M,3,6,22274,2
20250329,가전제품,M,4,6,63257,4
20250329,가전제품,M,5,6,75731,2
20250329,가전제품,F,4,6,64986,4
20250329,가전제품,F,5,6,158589,5
20250329,가전제품,F,8,6,22986,2
20250329,가전제품,M,4,6,131932,5
20250329,가전제품,M,5,6,66196,4
20250329,가전제품,M,6,6,67712,5
20250329,가전제품,F,5,6,53047,2
20250329,가전제품,F,5,6,144334,4
20250329,가전제품,M,5,6,194227,5
20250329,가전제품,M,6,6,48111,2
20250329,가전제품,M,5,6,220955,4
20250329,가전제품,F,6,6,5262,2
20250329,가전제품,M,4,6,10691,2
20250329,가전제품,M,5,6,6468781,4
20250330,가전제품,M,6,7,3564,2
20250330,가전제품,M,5,7,3920,2
20250330,가전제품,M,7,7,3564,2
20250330,가전제품,F,5,7,4455,2
20250330,가전제품,M,5,7,4455,2
20250330,가전제품,F,5,7,14462,4
20250330,가전제품,M,4,7,4098,2
20250330,가전제품,M,7,7,7128,2
20250330,가전제품,M,4,7,8197,2
20250330,가전제품,M,6,7,19779,7
20250330,가전제품,F,6,7,5702,2
20250330,가전제품,F,5,7,60584,2
20250330,가전제품,M,5,7,142552,7
20250330,가전제품,M,6,7,106914,5
20250330,가전제품,F,7,7,42766,2
20250330,가전제품,M,4,7,42766,2
20250330,가전제품,M,5,7,76593,4
20250330,가전제품,M,6,7,115645,4
20250330,가전제품,M,5,7,85531,2
20250330,가전제품,M,7,7,148145,2
20250330,가전제품,F,6,7,74840,2
20250330,가전제품,M,7,7,54348,2
20250330,가전제품,M,4,7,46329,2
20250330,가전제품,M,5,7,48111,2
20250330,가전제품,M,6,7,96222,2
20250330,가전제품,M,8,7,144334,2
20250331,가전제품,F,7,1,1273462,2
20250331,가전제품,F,4,1,6771,2
20250331,가전제품,M,5,1,4098,2
20250331,가전제품,M,3,1,8197,2
20250331,가전제품,M,5,1,19779,5
20250331,가전제품,M,6,1,7128,2
20250331,가전제품,F,7,1,3386,2
20250331,가전제품,F,7,1,14612,4
20250331,가전제품,F,8,1,3564,2
20250331,가전제품,F,5,1,3386,2
20250331,가전제품,M,4,1,5519,2
20250331,가전제품,M,6,1,8731,4
20250331,가전제품,M,3,1,5167,2
20250331,가전제품,M,6,1,80185,2
20250331,가전제품,F,3,1,194227,7
20250331,가전제품,F,4,1,1279098,5
20250331,가전제품,F,6,1,131860,5
20250331,가전제품,M,3,1,40984,4
20250331,가전제품,M,4,1,210579,11
20250331,가전제품,M,5,1,136132,7
20250331,가전제품,M,6,1,873715,4
20250331,가전제품,M,7,1,1100241,4
20250331,가전제품,F,4,1,13881,2
20250331,가전제품,F,6,1,40681,2
20250331,가전제품,M,3,1,40984,2
20250331,가전제품,M,5,1,21543,2
20250331,가전제품,M,6,1,40984,2
20250331,가전제품,F,4,1,58642,5
20250331,가전제품,F,5,1,2750640,4
20250331,가전제품,M,4,1,17783,2
20250331,가전제품,M,5,1,42053,2
20250331,가전제품,M,6,1,122026,4
20250331,가전제품,F,3,1,646187,7
20250331,가전제품,F,4,1,88264,4
20250331,가전제품,F,5,1,36696,4
20250331,가전제품,M,3,1,20670,2
20250331,가전제품,M,4,1,1360119,4
20250331,가전제품,M,5,1,53100,4
20250331,가전제품,M,6,1,191019,5
20250331,가전제품,M,7,1,152887,5
20250331,가전제품,F,4,1,124448,5
20250331,가전제품,F,8,1,17783,2
20250331,가전제품,M,4,1,55203,4
20250331,가전제품,M,5,1,182644,5
20250331,가전제품,M,6,1,192445,7
20250331,가전제품,M,5,1,5770,2
20250331,가전제품,F,6,1,1203113,2
20250331,가전제품,M,6,1,1350624,2
20250331,가전제품,M,7,1,253920,2
20250331,가전제품,F,5,1,570795,2
20250331,가전제품,M,4,1,498931,2
20250331,가전제품,M,5,1,491135,2
20250331,가전제품,F,5,1,184307,2
20250331,가전제품,F,6,1,839273,2
20250331,가전제품,F,8,1,747038,4
20250331,가전제품,M,5,1,3108726,2
20250331,가전제품,M,6,1,253920,2
20250331,가전제품,F,6,1,939059,2
20250331,가전제품,M,4,1,147006,2
20250331,가전제품,M,6,1,730577,2
20250331,가전제품,F,8,1,3296507,2
20250331,가전제품,M,5,1,13676058,4
